﻿[
  {
    "isNew": false,
    "profileName": "Inwave_Jeju",
    "publishMode": "TcHmi",
    "targetDirectory": "",
    "server": "",
    "sitePath": "",
    "destinationUrl": "",
    "passiveMode": true,
    "savePassword": true,
    "deleteAllFilesBeforePublish": false,
    "deleteExtensionDataBeforePublish": false,
    "abortOnErrors": false,
    "userName": "",
    "encryptedPassword": "",
    "tcHmiServerHost": "ingine01.iptime.org",
    "tcHmiServerPort": "1010",
    "socketTimeout": "45",
    "tcHmiUseTLS": false,
    "tcHmiServerUserName": "__SystemAdministrator",
    "encryptedTcHmiServerPassword": "B+B+2eO9ffGojwJjsxGBPg==",
    "tcHmiDestinationUrl": "http://ingine01.iptime.org:1010",
    "publishConfiguration": "remote",
    "tcHmiSavePassword": true,
    "tcHmiIgnoreCertificateErrors": true
  }
]