{
    "USERS": {
        "Ingine": {
            "ENABLED": true,
            "PASSWORD": "a3a61ae058d94c35ff76a6d323fa6904823b0ee5cf5a7f9586406eccef90566b",
            "SALT": "vUfRbWkEYMxwe1DnDKA/UdMG0ynqCTTm+1B0y7T1/s7xiQTPrXm/xds2XJ6jYhSJsB45lnconWXZqvl0RJqzAA=="
        },
        "__SystemAdministrator": {
            "ENABLED": false,
            "PASSWORD": "",
            "SALT": ""
        },
        "__SystemGuest": {
            "ENABLED": true,
            "PASSWORD": "",
            "SALT": ""
        }
    }
}